{"_wandb":{"runtime":82},"train_loss":0.03987830504775047,"train_accuracy":1,"epoch":9,"_timestamp":1.7368051436192162e+09,"_runtime":81.5598082,"_step":9379}
