{"train_accuracy":0.9375,"epoch":9,"_timestamp":1.736804244854049e+09,"_runtime":84.3514186,"_wandb":{"runtime":86},"_step":9379,"train_loss":0.26794886589050293}
