{"train_accuracy":1,"epoch":9,"_wandb":{"runtime":92},"_timestamp":1.7368049012858305e+09,"_runtime":90.2588767,"_step":9379,"train_loss":0.016169795766472816}
