{"epoch":9,"_timestamp":1.736805025581118e+09,"_runtime":85.0658122,"_step":9379,"_wandb":{"runtime":86},"train_loss":0.014291618950664997,"train_accuracy":1}
